https://www.youtube.com/watch?v=rz4Dd1I_fX0,https://www.youtube.com/watch?v=EiYm20F9WXU,https://www.youtube.com/watch?v=_X8XtZZYkNA,https://www.youtube.com/watch?v=LTXTeAt2mpg,https://www.youtube.com/watch?v=tozEuziqdpg,https://www.youtube.com/watch?v=OTYfke545vI,https://www.youtube.com/watch?v=cRWix4e0DzI,https://www.youtube.com/watch?v=rrwd2_UkmNw,https://www.youtube.com/watch?v=FhZrU6g9seg,https://www.youtube.com/watch?v=FJeuK1Pl2bQ,https://www.youtube.com/watch?v=1a8pI65emDE,https://www.youtube.com/watch?v=3HRkKznJoZA,https://www.youtube.com/watch?v=ANUoAdXfA60,https://www.youtube.com/watch?v=yDiXQl7grPQ,https://www.youtube.com/watch?v=0diS49kvWWE,https://www.youtube.com/watch?v=-jxdIt2_WI0,https://www.youtube.com/watch?v=bkhhCi7nMFI,https://www.youtube.com/watch?v=lYSX51xBkos,https://www.youtube.com/watch?v=HKJFESU7hqE
https://www.youtube.com/watch?v=rz4Dd1I_fX0,https://www.youtube.com/watch?v=EiYm20F9WXU,https://www.youtube.com/watch?v=LTXTeAt2mpg,https://www.youtube.com/watch?v=_X8XtZZYkNA,https://www.youtube.com/watch?v=tozEuziqdpg,https://www.youtube.com/watch?v=OTYfke545vI,https://www.youtube.com/watch?v=rrwd2_UkmNw,https://www.youtube.com/watch?v=cRWix4e0DzI,https://www.youtube.com/watch?v=FhZrU6g9seg,https://www.youtube.com/watch?v=FJeuK1Pl2bQ,https://www.youtube.com/watch?v=1a8pI65emDE,https://www.youtube.com/watch?v=BPJ0729NVjw,https://www.youtube.com/watch?v=3HRkKznJoZA,https://www.youtube.com/watch?v=yDiXQl7grPQ,https://www.youtube.com/watch?v=0diS49kvWWE,https://www.youtube.com/watch?v=-jxdIt2_WI0,https://www.youtube.com/watch?v=ANUoAdXfA60,https://www.youtube.com/watch?v=bkhhCi7nMFI,https://www.youtube.com/watch?v=HKJFESU7hqE
https://www.youtube.com/watch?v=rz4Dd1I_fX0,https://www.youtube.com/watch?v=LTXTeAt2mpg,https://www.youtube.com/watch?v=_X8XtZZYkNA,https://www.youtube.com/watch?v=EiYm20F9WXU,https://www.youtube.com/watch?v=tozEuziqdpg,https://www.youtube.com/watch?v=OTYfke545vI,https://www.youtube.com/watch?v=cRWix4e0DzI,https://www.youtube.com/watch?v=W6CBb3yX9Zs,https://www.youtube.com/watch?v=BRDApYgvDqQ,https://www.youtube.com/watch?v=ANUoAdXfA60,https://www.youtube.com/watch?v=pocNl2YhZdM,https://www.youtube.com/watch?v=FJeuK1Pl2bQ,https://www.youtube.com/watch?v=FhZrU6g9seg,https://www.youtube.com/watch?v=1a8pI65emDE,https://www.youtube.com/watch?v=HKJFESU7hqE,https://www.youtube.com/watch?v=rrwd2_UkmNw,https://www.youtube.com/watch?v=BPJ0729NVjw,https://www.youtube.com/watch?v=SVQlcxiQlzI,https://www.youtube.com/watch?v=0diS49kvWWE

https://www.youtube.com/watch?v=rz4Dd1I_fX0,https://www.youtube.com/watch?v=LTXTeAt2mpg,https://www.youtube.com/watch?v=_X8XtZZYkNA,https://www.youtube.com/watch?v=EiYm20F9WXU,https://www.youtube.com/watch?v=tozEuziqdpg,https://www.youtube.com/watch?v=OTYfke545vI,https://www.youtube.com/watch?v=FhZrU6g9seg,https://www.youtube.com/watch?v=BRDApYgvDqQ,https://www.youtube.com/watch?v=cRWix4e0DzI,https://www.youtube.com/watch?v=ANUoAdXfA60,https://www.youtube.com/watch?v=FJeuK1Pl2bQ,https://www.youtube.com/watch?v=pocNl2YhZdM,https://www.youtube.com/watch?v=1a8pI65emDE,https://www.youtube.com/watch?v=rrwd2_UkmNw,https://www.youtube.com/watch?v=HKJFESU7hqE,https://www.youtube.com/watch?v=mq9PAguP86o,https://www.youtube.com/watch?v=lYSX51xBkos,https://www.youtube.com/watch?v=0diS49kvWWE,https://www.youtube.com/watch?v=3HRkKznJoZA
https://www.youtube.com/watch?v=rz4Dd1I_fX0,https://www.youtube.com/watch?v=EiYm20F9WXU,https://www.youtube.com/watch?v=_X8XtZZYkNA,https://www.youtube.com/watch?v=LTXTeAt2mpg,https://www.youtube.com/watch?v=tozEuziqdpg,https://www.youtube.com/watch?v=OTYfke545vI,https://www.youtube.com/watch?v=cRWix4e0DzI,https://www.youtube.com/watch?v=rrwd2_UkmNw,https://www.youtube.com/watch?v=FhZrU6g9seg,https://www.youtube.com/watch?v=3HRkKznJoZA,https://www.youtube.com/watch?v=FJeuK1Pl2bQ,https://www.youtube.com/watch?v=1a8pI65emDE,https://www.youtube.com/watch?v=BPJ0729NVjw,https://www.youtube.com/watch?v=yDiXQl7grPQ,https://www.youtube.com/watch?v=ANUoAdXfA60,https://www.youtube.com/watch?v=0diS49kvWWE,https://www.youtube.com/watch?v=bkhhCi7nMFI,https://www.youtube.com/watch?v=-jxdIt2_WI0,https://www.youtube.com/watch?v=HKJFESU7hqE
https://www.youtube.com/watch?v=rz4Dd1I_fX0,https://www.youtube.com/watch?v=LTXTeAt2mpg,https://www.youtube.com/watch?v=_X8XtZZYkNA,https://www.youtube.com/watch?v=EiYm20F9WXU,https://www.youtube.com/watch?v=tozEuziqdpg,https://www.youtube.com/watch?v=OTYfke545vI,https://www.youtube.com/watch?v=FhZrU6g9seg,https://www.youtube.com/watch?v=BRDApYgvDqQ,https://www.youtube.com/watch?v=ANUoAdXfA60,https://www.youtube.com/watch?v=cRWix4e0DzI,https://www.youtube.com/watch?v=FJeuK1Pl2bQ,https://www.youtube.com/watch?v=pocNl2YhZdM,https://www.youtube.com/watch?v=1a8pI65emDE,https://www.youtube.com/watch?v=rrwd2_UkmNw,https://www.youtube.com/watch?v=0diS49kvWWE,https://www.youtube.com/watch?v=HKJFESU7hqE,https://www.youtube.com/watch?v=mq9PAguP86o,https://www.youtube.com/watch?v=lYSX51xBkos,https://www.youtube.com/watch?v=3HRkKznJoZA
https://www.youtube.com/watch?v=rz4Dd1I_fX0,https://www.youtube.com/watch?v=LTXTeAt2mpg,https://www.youtube.com/watch?v=_X8XtZZYkNA,https://www.youtube.com/watch?v=pocNl2YhZdM,https://www.youtube.com/watch?v=BRDApYgvDqQ,https://www.youtube.com/watch?v=W6CBb3yX9Zs,https://www.youtube.com/watch?v=ANUoAdXfA60,https://www.youtube.com/watch?v=OTYfke545vI,https://www.youtube.com/watch?v=tozEuziqdpg,https://www.youtube.com/watch?v=qH4WUUQ5pOI,https://www.youtube.com/watch?v=0diS49kvWWE,https://www.youtube.com/watch?v=EiYm20F9WXU,https://www.youtube.com/watch?v=VgVQKCcfwnU,https://www.youtube.com/watch?v=SVQlcxiQlzI,https://www.youtube.com/watch?v=BPJ0729NVjw,https://www.youtube.com/watch?v=FhZrU6g9seg,https://www.youtube.com/watch?v=bkhhCi7nMFI,https://www.youtube.com/watch?v=FJeuK1Pl2bQ,https://www.youtube.com/watch?v=1a8pI65emDE
https://www.youtube.com/watch?v=rz4Dd1I_fX0,https://www.youtube.com/watch?v=EiYm20F9WXU,https://www.youtube.com/watch?v=_X8XtZZYkNA,https://www.youtube.com/watch?v=LTXTeAt2mpg,https://www.youtube.com/watch?v=tozEuziqdpg,https://www.youtube.com/watch?v=OTYfke545vI,https://www.youtube.com/watch?v=cRWix4e0DzI,https://www.youtube.com/watch?v=rrwd2_UkmNw,https://www.youtube.com/watch?v=FhZrU6g9seg,https://www.youtube.com/watch?v=1a8pI65emDE,https://www.youtube.com/watch?v=3HRkKznJoZA,https://www.youtube.com/watch?v=FJeuK1Pl2bQ,https://www.youtube.com/watch?v=ANUoAdXfA60,https://www.youtube.com/watch?v=BPJ0729NVjw,https://www.youtube.com/watch?v=yDiXQl7grPQ,https://www.youtube.com/watch?v=0diS49kvWWE,https://www.youtube.com/watch?v=bkhhCi7nMFI,https://www.youtube.com/watch?v=-jxdIt2_WI0,https://www.youtube.com/watch?v=HKJFESU7hqE
https://www.youtube.com/watch?v=rz4Dd1I_fX0,https://www.youtube.com/watch?v=LTXTeAt2mpg,https://www.youtube.com/watch?v=_X8XtZZYkNA,https://www.youtube.com/watch?v=EiYm20F9WXU,https://www.youtube.com/watch?v=tozEuziqdpg,https://www.youtube.com/watch?v=OTYfke545vI,https://www.youtube.com/watch?v=FhZrU6g9seg,https://www.youtube.com/watch?v=cRWix4e0DzI,https://www.youtube.com/watch?v=BRDApYgvDqQ,https://www.youtube.com/watch?v=ANUoAdXfA60,https://www.youtube.com/watch?v=FJeuK1Pl2bQ,https://www.youtube.com/watch?v=pocNl2YhZdM,https://www.youtube.com/watch?v=1a8pI65emDE,https://www.youtube.com/watch?v=rrwd2_UkmNw,https://www.youtube.com/watch?v=HKJFESU7hqE,https://www.youtube.com/watch?v=mq9PAguP86o,https://www.youtube.com/watch?v=lYSX51xBkos,https://www.youtube.com/watch?v=0diS49kvWWE,https://www.youtube.com/watch?v=3HRkKznJoZA
https://www.youtube.com/watch?v=rz4Dd1I_fX0,https://www.youtube.com/watch?v=LTXTeAt2mpg,https://www.youtube.com/watch?v=_X8XtZZYkNA,https://www.youtube.com/watch?v=tozEuziqdpg,https://www.youtube.com/watch?v=EiYm20F9WXU,https://www.youtube.com/watch?v=OTYfke545vI,https://www.youtube.com/watch?v=FhZrU6g9seg,https://www.youtube.com/watch?v=BRDApYgvDqQ,https://www.youtube.com/watch?v=ANUoAdXfA60,https://www.youtube.com/watch?v=pocNl2YhZdM,https://www.youtube.com/watch?v=FJeuK1Pl2bQ,https://www.youtube.com/watch?v=cRWix4e0DzI,https://www.youtube.com/watch?v=1a8pI65emDE,https://www.youtube.com/watch?v=rrwd2_UkmNw,https://www.youtube.com/watch?v=0diS49kvWWE,https://www.youtube.com/watch?v=mq9PAguP86o,https://www.youtube.com/watch?v=HKJFESU7hqE,https://www.youtube.com/watch?v=lYSX51xBkos,https://www.youtube.com/watch?v=3HRkKznJoZA
https://www.youtube.com/watch?v=rz4Dd1I_fX0,https://www.youtube.com/watch?v=EiYm20F9WXU,https://www.youtube.com/watch?v=_X8XtZZYkNA,https://www.youtube.com/watch?v=LTXTeAt2mpg,https://www.youtube.com/watch?v=tozEuziqdpg,https://www.youtube.com/watch?v=OTYfke545vI,https://www.youtube.com/watch?v=cRWix4e0DzI,https://www.youtube.com/watch?v=rrwd2_UkmNw,https://www.youtube.com/watch?v=FhZrU6g9seg,https://www.youtube.com/watch?v=3HRkKznJoZA,https://www.youtube.com/watch?v=FJeuK1Pl2bQ,https://www.youtube.com/watch?v=1a8pI65emDE,https://www.youtube.com/watch?v=BPJ0729NVjw,https://www.youtube.com/watch?v=ANUoAdXfA60,https://www.youtube.com/watch?v=yDiXQl7grPQ,https://www.youtube.com/watch?v=0diS49kvWWE,https://www.youtube.com/watch?v=bkhhCi7nMFI,https://www.youtube.com/watch?v=-jxdIt2_WI0,https://www.youtube.com/watch?v=HKJFESU7hqE
https://www.youtube.com/watch?v=rz4Dd1I_fX0,https://www.youtube.com/watch?v=LTXTeAt2mpg,https://www.youtube.com/watch?v=_X8XtZZYkNA,https://www.youtube.com/watch?v=EiYm20F9WXU,https://www.youtube.com/watch?v=tozEuziqdpg,https://www.youtube.com/watch?v=OTYfke545vI,https://www.youtube.com/watch?v=FhZrU6g9seg,https://www.youtube.com/watch?v=cRWix4e0DzI,https://www.youtube.com/watch?v=BRDApYgvDqQ,https://www.youtube.com/watch?v=ANUoAdXfA60,https://www.youtube.com/watch?v=FJeuK1Pl2bQ,https://www.youtube.com/watch?v=pocNl2YhZdM,https://www.youtube.com/watch?v=1a8pI65emDE,https://www.youtube.com/watch?v=rrwd2_UkmNw,https://www.youtube.com/watch?v=HKJFESU7hqE,https://www.youtube.com/watch?v=mq9PAguP86o,https://www.youtube.com/watch?v=lYSX51xBkos,https://www.youtube.com/watch?v=0diS49kvWWE,https://www.youtube.com/watch?v=3HRkKznJoZA,https://www.youtube.com/watch?v=BPJ0729NVjw,https://www.youtube.com/watch?v=yDiXQl7grPQ,https://www.youtube.com/watch?v=qDeP7-rUZmo,https://www.youtube.com/watch?v=VgVQKCcfwnU,https://www.youtube.com/watch?v=Cs1uud8HiCQ,https://www.youtube.com/watch?v=bkhhCi7nMFI,https://www.youtube.com/watch?v=0NPH_udOOek,https://www.youtube.com/watch?v=GOK1tKFFIQI,https://www.youtube.com/watch?v=5GIfISN4-G8,https://www.youtube.com/watch?v=mqQf4Sg1g9w,https://www.youtube.com/watch?v=55j-nVwHa_c,https://www.youtube.com/watch?v=LNDE_LDWXW0,https://www.youtube.com/watch?v=vPszR0-vTqc,https://www.youtube.com/watch?v=du8siPJ1ZKo,https://www.youtube.com/watch?v=W6CBb3yX9Zs,https://www.youtube.com/watch?v=8ZiD2W8vSXE,https://www.youtube.com/watch?v=KSdU5B_fdVo,https://www.youtube.com/watch?v=nn42RC1zT_A,https://www.youtube.com/watch?v=-jxdIt2_WI0
https://www.youtube.com/watch?v=tozEuziqdpg,https://www.youtube.com/watch?v=rz4Dd1I_fX0,https://www.youtube.com/watch?v=EiYm20F9WXU,https://www.youtube.com/watch?v=LTXTeAt2mpg,https://www.youtube.com/watch?v=_X8XtZZYkNA,https://www.youtube.com/watch?v=OTYfke545vI,https://www.youtube.com/watch?v=1a8pI65emDE,https://www.youtube.com/watch?v=cRWix4e0DzI,https://www.youtube.com/watch?v=W6CBb3yX9Zs,https://www.youtube.com/watch?v=mq9PAguP86o,https://www.youtube.com/watch?v=AskAQwOBvhc,https://www.youtube.com/watch?v=FhZrU6g9seg,https://www.youtube.com/watch?v=pocNl2YhZdM,https://www.youtube.com/watch?v=HKJFESU7hqE,https://www.youtube.com/watch?v=yDiXQl7grPQ,https://www.youtube.com/watch?v=3HRkKznJoZA,https://www.youtube.com/watch?v=mqQf4Sg1g9w,https://www.youtube.com/watch?v=U5WvH_UylBU,https://www.youtube.com/watch?v=rrwd2_UkmNw,https://www.youtube.com/watch?v=ANUoAdXfA60,https://www.youtube.com/watch?v=0NPH_udOOek,https://www.youtube.com/watch?v=BPJ0729NVjw,https://www.youtube.com/watch?v=bkhhCi7nMFI,https://www.youtube.com/watch?v=ETJs5moej9M,https://www.youtube.com/watch?v=lYSX51xBkos,https://www.youtube.com/watch?v=nn42RC1zT_A,https://www.youtube.com/watch?v=SxsgoBaGnPg,https://www.youtube.com/watch?v=vPszR0-vTqc,https://www.youtube.com/watch?v=KSdU5B_fdVo,https://www.youtube.com/watch?v=55j-nVwHa_c,https://www.youtube.com/watch?v=tB5-JahAXfc,https://www.youtube.com/watch?v=SVQlcxiQlzI,https://www.youtube.com/watch?v=0diS49kvWWE,https://www.youtube.com/watch?v=GOK1tKFFIQI,https://www.youtube.com/watch?v=du8siPJ1ZKo,https://www.youtube.com/watch?v=Cs1uud8HiCQ,https://www.youtube.com/watch?v=eml6f9g_Yhw,https://www.youtube.com/watch?v=5GIfISN4-G8
https://www.youtube.com/watch?v=EiYm20F9WXU,https://www.youtube.com/watch?v=rz4Dd1I_fX0
https://www.youtube.com/watch?v=LTXTeAt2mpg,https://www.youtube.com/watch?v=rz4Dd1I_fX0,https://www.youtube.com/watch?v=EiYm20F9WXU,https://www.youtube.com/watch?v=tozEuziqdpg,https://www.youtube.com/watch?v=_X8XtZZYkNA,https://www.youtube.com/watch?v=OTYfke545vI,https://www.youtube.com/watch?v=cRWix4e0DzI,https://www.youtube.com/watch?v=FhZrU6g9seg,https://www.youtube.com/watch?v=1a8pI65emDE,https://www.youtube.com/watch?v=HKJFESU7hqE,https://www.youtube.com/watch?v=3HRkKznJoZA,https://www.youtube.com/watch?v=mq9PAguP86o,https://www.youtube.com/watch?v=AskAQwOBvhc,https://www.youtube.com/watch?v=U5WvH_UylBU,https://www.youtube.com/watch?v=rrwd2_UkmNw,https://www.youtube.com/watch?v=FJeuK1Pl2bQ,https://www.youtube.com/watch?v=vPszR0-vTqc,https://www.youtube.com/watch?v=yDiXQl7grPQ,https://www.youtube.com/watch?v=BRDApYgvDqQ,https://www.youtube.com/watch?v=55j-nVwHa_c,https://www.youtube.com/watch?v=du8siPJ1ZKo,https://www.youtube.com/watch?v=0diS49kvWWE,https://www.youtube.com/watch?v=lYSX51xBkos,https://www.youtube.com/watch?v=Cs1uud8HiCQ,https://www.youtube.com/watch?v=mqQf4Sg1g9w,https://www.youtube.com/watch?v=bkhhCi7nMFI,https://www.youtube.com/watch?v=gd7wAithl7I,https://www.youtube.com/watch?v=BPJ0729NVjw,https://www.youtube.com/watch?v=GOK1tKFFIQI,https://www.youtube.com/watch?v=KSdU5B_fdVo,https://www.youtube.com/watch?v=ETJs5moej9M,https://www.youtube.com/watch?v=ANUoAdXfA60,https://www.youtube.com/watch?v=nn42RC1zT_A,https://www.youtube.com/watch?v=5GIfISN4-G8,https://www.youtube.com/watch?v=T_UPnh9nLkg,https://www.youtube.com/watch?v=pocNl2YhZdM
